-- phpMyAdmin SQL Dump
-- version 3.4.5deb1
-- http://www.phpmyadmin.net
--
-- Хост: localhost
-- Время создания: Авг 31 2012 г., 06:54
-- Версия сервера: 5.1.63
-- Версия PHP: 5.3.6-13ubuntu3.8

SET SQL_MODE="NO_AUTO_VALUE_ON_ZERO";
SET time_zone = "+00:00";


/*!40101 SET @OLD_CHARACTER_SET_CLIENT=@@CHARACTER_SET_CLIENT */;
/*!40101 SET @OLD_CHARACTER_SET_RESULTS=@@CHARACTER_SET_RESULTS */;
/*!40101 SET @OLD_COLLATION_CONNECTION=@@COLLATION_CONNECTION */;
/*!40101 SET NAMES utf8 */;

--
-- База данных: `avtodb`
--

-- --------------------------------------------------------

--
-- Структура таблицы `tbl_ads`
--

CREATE TABLE IF NOT EXISTS `tbl_ads` (
  `ad_id` int(11) NOT NULL AUTO_INCREMENT,
  `ad_user_id` int(11) NOT NULL,
  `ad_models_id` int(11) NOT NULL,
  `ad_publish` tinyint(1) DEFAULT NULL,
  `ad_add_time` datetime DEFAULT NULL,
  `ad_year` year(4) DEFAULT NULL,
  `ad_type` int(1) DEFAULT NULL,
  `ad_price` int(11) DEFAULT NULL,
  PRIMARY KEY (`ad_id`),
  KEY `fk_avto_ads_tbl_profiles1` (`ad_user_id`),
  KEY `fk_avto_ads_avto_models1` (`ad_models_id`)
) ENGINE=InnoDB  DEFAULT CHARSET=utf8 AUTO_INCREMENT=4 ;

--
-- Дамп данных таблицы `tbl_ads`
--

INSERT INTO `tbl_ads` (`ad_id`, `ad_user_id`, `ad_models_id`, `ad_publish`, `ad_add_time`, `ad_year`, `ad_type`, `ad_price`) VALUES
(1, 3, 1414, 1, '0000-00-00 00:00:00', 1998, 1, 110000),
(2, 3, 1234, 1, '0000-00-00 00:00:00', 2011, 1, 10000000),
(3, 1, 780, 1, '2012-08-16 00:00:00', 2011, 1, 300000);

-- --------------------------------------------------------

--
-- Структура таблицы `tbl_avto`
--

CREATE TABLE IF NOT EXISTS `tbl_avto` (
  `avto_fuel_type` tinyint(4) NOT NULL,
  `avto_v_engine` smallint(6) NOT NULL,
  `avto_transmission` tinyint(4) NOT NULL,
  `avto_mileage` int(11) NOT NULL,
  `avto_rul` int(11) NOT NULL,
  `avto_text` varchar(300) DEFAULT NULL,
  `avto_ad_id` int(11) NOT NULL,
  PRIMARY KEY (`avto_ad_id`),
  KEY `fk_tbl_avto_tbl_ads1` (`avto_ad_id`)
) ENGINE=InnoDB DEFAULT CHARSET=utf8;

--
-- Дамп данных таблицы `tbl_avto`
--

INSERT INTO `tbl_avto` (`avto_fuel_type`, `avto_v_engine`, `avto_transmission`, `avto_mileage`, `avto_rul`, `avto_text`, `avto_ad_id`) VALUES
(1, 1, 1, 203456, 0, 'С пробегом по России', 1),
(1, 1, 1, 203456, 1, 'Без пробега по России', 2),
(0, 2, 1, 25065, 1, 'Без документов, один хозяин, сигнализация, стекло-подъемники, кожаный салон,Ксенон, музыка. Возможен обмен с доплатой ', 3);

-- --------------------------------------------------------

--
-- Структура таблицы `tbl_brand`
--

CREATE TABLE IF NOT EXISTS `tbl_brand` (
  `id` int(11) NOT NULL AUTO_INCREMENT,
  `brand` varchar(255) DEFAULT NULL,
  PRIMARY KEY (`id`),
  KEY `mark` (`brand`)
) ENGINE=MyISAM  DEFAULT CHARSET=utf8 AUTO_INCREMENT=128 ;

--
-- Дамп данных таблицы `tbl_brand`
--

INSERT INTO `tbl_brand` (`id`, `brand`) VALUES
(127, 'УАЗ'),
(126, 'ТагАЗ'),
(125, 'СМЗ'),
(124, 'СеАЗ'),
(123, 'Москвич'),
(122, 'ЛУАЗ'),
(121, 'КАМАЗ'),
(120, 'ИЖ'),
(119, 'ЗИЛ'),
(118, 'ЗАЗ'),
(117, 'ГАЗ'),
(116, 'Велта'),
(115, 'ВАЗ'),
(114, 'ZX'),
(113, 'Xin Kai'),
(112, 'Wiesmann'),
(111, 'Wartburg'),
(110, 'Volvo'),
(109, 'Volkswagen'),
(108, 'Vector'),
(107, 'TVR'),
(106, 'Trabant'),
(105, 'Toyota'),
(104, 'Tianye'),
(103, 'Tianma'),
(102, 'Tatra'),
(101, 'Suzuki'),
(100, 'Subaru'),
(99, 'SsangYong'),
(98, 'Spyker'),
(97, 'Smart'),
(96, 'Skoda'),
(95, 'ShuangHuan'),
(94, 'SEAT'),
(93, 'Scion'),
(92, 'Saturn'),
(91, 'Saleen'),
(90, 'Saab'),
(89, 'Rover'),
(88, 'Rolls-Royce'),
(87, 'Renault'),
(86, 'PUCH'),
(85, 'Proton'),
(84, 'Porsche'),
(83, 'Pontiac'),
(82, 'Plymouth'),
(81, 'Peugeot'),
(80, 'Pagani'),
(79, 'Opel'),
(78, 'Oldsmobile'),
(77, 'Nissan'),
(76, 'Morgan'),
(75, 'Mitsuoka'),
(74, 'Mitsubishi'),
(73, 'Mini'),
(72, 'Microcar'),
(71, 'MG'),
(70, 'Metrocab'),
(69, 'Mercury'),
(68, 'Mercedes-Benz'),
(67, 'Mazda'),
(66, 'Maybach'),
(65, 'Maserati'),
(64, 'Maruti'),
(63, 'Mahindra'),
(62, 'Lotus'),
(61, 'Lincoln'),
(60, 'Lifan'),
(59, 'Lexus'),
(58, 'Landwind'),
(57, 'Land Rover'),
(56, 'Lancia'),
(55, 'Lamborghini'),
(54, 'Koenigsegg'),
(53, 'Kia'),
(52, 'Jeep'),
(51, 'Jaguar'),
(50, 'JAC'),
(49, 'Isuzu'),
(48, 'Iran Khodro'),
(47, 'Infiniti'),
(46, 'Hyundai'),
(45, 'Hummer'),
(44, 'HuangHai'),
(43, 'Honda'),
(42, 'Hafei'),
(41, 'Great Wall'),
(40, 'GMC'),
(39, 'Geo'),
(38, 'Geely'),
(37, 'Ford'),
(36, 'Fiat'),
(35, 'Ferrari'),
(34, 'FAW'),
(33, 'Eagle'),
(32, 'Donkervoort'),
(31, 'Doninvest'),
(30, 'Dong Feng'),
(29, 'Dodge'),
(28, 'Derways'),
(27, 'Daimler'),
(26, 'Daihatsu'),
(25, 'Daewoo'),
(24, 'Dadi'),
(23, 'Dacia'),
(22, 'Coggiola'),
(21, 'Citroen'),
(20, 'Chrysler'),
(19, 'Chevrolet'),
(18, 'Chery'),
(17, 'ChangFeng'),
(16, 'Caterham'),
(15, 'Cadillac'),
(14, 'BYD'),
(13, 'Buick'),
(12, 'Bugatti'),
(11, 'Brilliance'),
(10, 'BMW'),
(9, 'Bentley'),
(8, 'Austin'),
(7, 'Audi'),
(6, 'Aston Martin'),
(5, 'Asia'),
(4, 'Aro'),
(3, 'Alpina'),
(2, 'Alfa Romeo'),
(1, 'Acura');

-- --------------------------------------------------------

--
-- Структура таблицы `tbl_categories`
--

CREATE TABLE IF NOT EXISTS `tbl_categories` (
  `cat_id` int(11) NOT NULL AUTO_INCREMENT,
  `cat_name` varchar(20) DEFAULT NULL,
  PRIMARY KEY (`cat_id`)
) ENGINE=InnoDB DEFAULT CHARSET=utf8 AUTO_INCREMENT=1 ;

-- --------------------------------------------------------

--
-- Структура таблицы `tbl_foto`
--

CREATE TABLE IF NOT EXISTS `tbl_foto` (
  `f_id` int(11) NOT NULL AUTO_INCREMENT,
  `foto_file_name` varchar(255) NOT NULL,
  `foto_ad_id` int(11) NOT NULL,
  PRIMARY KEY (`f_id`),
  KEY `fk_avto_foto_avto_ads1` (`foto_ad_id`)
) ENGINE=InnoDB  DEFAULT CHARSET=utf8 AUTO_INCREMENT=6 ;

--
-- Дамп данных таблицы `tbl_foto`
--

INSERT INTO `tbl_foto` (`f_id`, `foto_file_name`, `foto_ad_id`) VALUES
(1, '03.jpg', 1),
(2, '02.jpg', 2),
(3, '01.jpg', 2),
(4, '02.jpg', 1),
(5, '03.jpg', 3);

-- --------------------------------------------------------

--
-- Структура таблицы `tbl_lookup`
--

CREATE TABLE IF NOT EXISTS `tbl_lookup` (
  `id` int(11) NOT NULL AUTO_INCREMENT,
  `name` varchar(128) COLLATE utf8_unicode_ci NOT NULL,
  `code` int(11) NOT NULL,
  `type` varchar(128) COLLATE utf8_unicode_ci NOT NULL,
  `position` int(11) NOT NULL,
  PRIMARY KEY (`id`)
) ENGINE=InnoDB  DEFAULT CHARSET=utf8 COLLATE=utf8_unicode_ci COMMENT='3' AUTO_INCREMENT=17 ;

--
-- Дамп данных таблицы `tbl_lookup`
--

INSERT INTO `tbl_lookup` (`id`, `name`, `code`, `type`, `position`) VALUES
(1, 'Бензин', 0, 'FUEL', 0),
(2, 'Дизель', 1, 'FUEL', 1),
(3, 'Газ/Бензин', 2, 'FUEL', 0),
(5, '1100 куб/см', 0, 'ENGINE', 0),
(6, '1300 куб/см', 1, 'ENGINE', 1),
(7, '1500 куб/см', 2, 'ENGINE', 2),
(8, '1600 куб/см', 3, 'ENGINE', 3),
(9, '1800 куб/см', 4, 'ENGINE', 4),
(10, '2000 куб/см', 5, 'ENGINE', 5),
(11, 'Левый ', 0, 'RUL', 0),
(12, 'Правый', 1, 'RUL', 1),
(13, 'Механическая 4-х ступенчатая', 0, 'TRANSMISSION', 0),
(14, 'Механическая 5-ти ступенчатая', 1, 'TRANSMISSION', 1),
(15, 'Автоматическая - роботизированая', 3, 'TRANSMISSION', 3),
(16, 'Автоматическая - вариаторная', 4, 'TRANSMISSION', 4);

-- --------------------------------------------------------

--
-- Структура таблицы `tbl_models`
--

CREATE TABLE IF NOT EXISTS `tbl_models` (
  `id` int(11) NOT NULL AUTO_INCREMENT,
  `model_brand_id` int(11) NOT NULL,
  `model_cat_id` int(11) NOT NULL,
  `model` varchar(65) NOT NULL,
  PRIMARY KEY (`id`),
  KEY `mark_id` (`model_brand_id`),
  KEY `fk_avto_models_avto_categories1` (`model_cat_id`)
) ENGINE=InnoDB  DEFAULT CHARSET=utf8 COMMENT='Модели авто' AUTO_INCREMENT=1546 ;

--
-- Дамп данных таблицы `tbl_models`
--

INSERT INTO `tbl_models` (`id`, `model_brand_id`, `model_cat_id`, `model`) VALUES
(1, 1, 0, 'CL'),
(2, 1, 0, 'EL'),
(3, 1, 0, 'Integra'),
(4, 1, 0, 'MDX'),
(5, 1, 0, 'NSX'),
(6, 1, 0, 'RDX'),
(7, 1, 0, 'RL'),
(8, 1, 0, 'RSX'),
(9, 1, 0, 'TL'),
(10, 1, 0, 'TSX'),
(11, 2, 0, '33'),
(12, 2, 0, '75'),
(13, 2, 0, '145'),
(14, 2, 0, '146'),
(15, 2, 0, '147'),
(16, 2, 0, '155'),
(17, 2, 0, '156'),
(18, 2, 0, '159'),
(19, 2, 0, '164'),
(20, 2, 0, '166'),
(21, 2, 0, 'Alfetta'),
(22, 2, 0, 'Brera'),
(23, 2, 0, 'GT'),
(24, 2, 0, 'GTV'),
(25, 2, 0, 'Giulietta'),
(26, 2, 0, 'Spider'),
(27, 3, 0, 'B11'),
(28, 3, 0, 'B12'),
(29, 3, 0, 'B3'),
(30, 3, 0, 'B6'),
(31, 3, 0, 'B7'),
(32, 3, 0, 'Roadster S'),
(33, 4, 0, '10'),
(34, 4, 0, '24'),
(35, 5, 0, 'Rocsta'),
(36, 6, 0, 'DB7'),
(37, 6, 0, 'DB9'),
(38, 6, 0, 'DBS'),
(39, 6, 0, 'V12 Vanquish'),
(40, 6, 0, 'V8'),
(41, 7, 0, '80'),
(42, 7, 0, '90'),
(43, 7, 0, '100'),
(44, 7, 0, '200'),
(45, 7, 0, 'A2'),
(46, 7, 0, 'A3'),
(47, 7, 0, 'A4'),
(48, 7, 0, 'A5'),
(49, 7, 0, 'A6'),
(50, 7, 0, 'A8'),
(51, 7, 0, 'Allroad'),
(52, 7, 0, 'Cabriolet'),
(53, 7, 0, 'Coupe'),
(54, 7, 0, 'Q7'),
(55, 7, 0, 'Quattro'),
(56, 7, 0, 'R8'),
(57, 7, 0, 'RS4'),
(58, 7, 0, 'RS6'),
(59, 7, 0, 'S2'),
(60, 7, 0, 'S3'),
(61, 7, 0, 'S4'),
(62, 7, 0, 'S5'),
(63, 7, 0, 'S6'),
(64, 7, 0, 'S8'),
(65, 7, 0, 'TT'),
(66, 7, 0, 'V8 (D11)'),
(67, 8, 0, 'Metro'),
(68, 8, 0, 'Mini MK'),
(69, 8, 0, 'Montego'),
(70, 9, 0, 'Arnage'),
(71, 9, 0, 'Azure'),
(72, 9, 0, 'Brooklands'),
(73, 9, 0, 'Continental'),
(74, 9, 0, 'Mulsanne'),
(75, 9, 0, 'Turbo R'),
(76, 10, 0, '02 (E10)'),
(77, 10, 0, '1er 116'),
(78, 10, 0, '1er 118'),
(79, 10, 0, '1er 120'),
(80, 10, 0, '1er 130'),
(81, 10, 0, '3er 315'),
(82, 10, 0, '3er 316'),
(83, 10, 0, '3er 318'),
(84, 10, 0, '3er 320'),
(85, 10, 0, '3er 323'),
(86, 10, 0, '3er 324'),
(87, 10, 0, '3er 325'),
(88, 10, 0, '3er 328'),
(89, 10, 0, '3er 330'),
(90, 10, 0, '3er 335'),
(91, 10, 0, '5er 518'),
(92, 10, 0, '5er 520'),
(93, 10, 0, '5er 523'),
(94, 10, 0, '5er 524'),
(95, 10, 0, '5er 525'),
(96, 10, 0, '5er 528'),
(97, 10, 0, '5er 530'),
(98, 10, 0, '5er 535'),
(99, 10, 0, '5er 540'),
(100, 10, 0, '5er 545'),
(101, 10, 0, '5er 550'),
(102, 10, 0, '6er 628'),
(103, 10, 0, '6er 630'),
(104, 10, 0, '6er 635'),
(105, 10, 0, '6er 645'),
(106, 10, 0, '6er 650'),
(107, 10, 0, '7er 725'),
(108, 10, 0, '7er 728'),
(109, 10, 0, '7er 730'),
(110, 10, 0, '7er 732'),
(111, 10, 0, '7er 735'),
(112, 10, 0, '7er 740'),
(113, 10, 0, '7er 745'),
(114, 10, 0, '7er 750'),
(115, 10, 0, '7er 760'),
(116, 10, 0, '8er 850'),
(117, 10, 0, 'M3'),
(118, 10, 0, 'M5'),
(119, 10, 0, 'M6'),
(120, 10, 0, 'X3'),
(121, 10, 0, 'X5'),
(122, 10, 0, 'X6'),
(123, 10, 0, 'Z1'),
(124, 10, 0, 'Z3'),
(125, 10, 0, 'Z3 M'),
(126, 10, 0, 'Z4'),
(127, 10, 0, 'Z4 M'),
(128, 10, 0, 'Z8'),
(129, 11, 0, 'M1'),
(130, 11, 0, 'M2'),
(131, 12, 0, '57 SC Atlantic'),
(132, 12, 0, 'EB 16.4'),
(133, 13, 0, 'Century'),
(134, 13, 0, 'Enclave'),
(135, 13, 0, 'LE Sabre'),
(136, 13, 0, 'Park Avenue'),
(137, 13, 0, 'Reatta'),
(138, 13, 0, 'Rendezvous'),
(139, 13, 0, 'Riviera'),
(140, 13, 0, 'Roadmaster'),
(141, 13, 0, 'Skylark'),
(142, 14, 0, 'F3'),
(143, 14, 0, 'FLYER II'),
(144, 15, 0, 'BLS'),
(145, 15, 0, 'CTS'),
(146, 15, 0, 'Catera'),
(147, 15, 0, 'DE Ville'),
(148, 15, 0, 'Eldorado'),
(149, 15, 0, 'Escalade'),
(150, 15, 0, 'Fleetwood'),
(151, 15, 0, 'SRX'),
(152, 15, 0, 'STS'),
(153, 15, 0, 'Seville'),
(154, 15, 0, 'XLR'),
(155, 16, 0, 'Super Seven'),
(156, 17, 0, 'Flying'),
(157, 17, 0, 'SUV'),
(158, 18, 0, 'Amulet'),
(159, 18, 0, 'Flagcloud'),
(160, 18, 0, 'Fora'),
(161, 18, 0, 'Kimo (A1)'),
(162, 18, 0, 'Oriental Son'),
(163, 18, 0, 'QQ6 (S21)'),
(164, 18, 0, 'Sweet (QQ)'),
(165, 18, 0, 'Tiggo'),
(166, 19, 0, 'Alero'),
(167, 19, 0, 'Astro'),
(168, 19, 0, 'Avalanche'),
(169, 19, 0, 'Aveo'),
(170, 19, 0, 'Beretta'),
(171, 19, 0, 'Blazer'),
(172, 19, 0, 'C-10'),
(173, 19, 0, 'Camaro'),
(174, 19, 0, 'Caprice'),
(175, 19, 0, 'Captiva'),
(176, 19, 0, 'Cavalier'),
(177, 19, 0, 'Cobalt'),
(178, 19, 0, 'Colorado'),
(179, 19, 0, 'Corsica'),
(180, 19, 0, 'Corvette'),
(181, 19, 0, 'Epica'),
(182, 19, 0, 'Equinox'),
(183, 19, 0, 'Evanda'),
(184, 19, 0, 'Express'),
(185, 19, 0, 'Geo Storm'),
(186, 19, 0, 'HHR'),
(187, 19, 0, 'Impala'),
(188, 19, 0, 'Lacetti'),
(189, 19, 0, 'Lanos'),
(190, 19, 0, 'Lumina'),
(191, 19, 0, 'Metro'),
(192, 19, 0, 'Niva'),
(193, 19, 0, 'Prizm'),
(194, 19, 0, 'Rezzo'),
(195, 19, 0, 'SSR'),
(196, 19, 0, 'Savana'),
(197, 19, 0, 'Silverado'),
(198, 19, 0, 'Spark'),
(199, 19, 0, 'Starcraft'),
(200, 19, 0, 'Suburban'),
(201, 19, 0, 'Tahoe'),
(202, 19, 0, 'Tracker'),
(203, 19, 0, 'Trailblazer'),
(204, 19, 0, 'Uplander'),
(205, 19, 0, 'Van'),
(206, 19, 0, 'Venture'),
(207, 19, 0, 'Viva'),
(208, 20, 0, '300C'),
(209, 20, 0, '300M'),
(210, 20, 0, 'Aspen'),
(211, 20, 0, 'Cirrus'),
(212, 20, 0, 'Concorde'),
(213, 20, 0, 'Crossfire'),
(214, 20, 0, 'Fifth Avenue'),
(215, 20, 0, 'Grand Voyager'),
(216, 20, 0, 'Intrepid'),
(217, 20, 0, 'LE Baron'),
(218, 20, 0, 'LHS'),
(219, 20, 0, 'NEW Yorker'),
(220, 20, 0, 'Neon'),
(221, 20, 0, 'PT Cruiser'),
(222, 20, 0, 'Pacifica'),
(223, 20, 0, 'Prowler'),
(224, 20, 0, 'Saratoga'),
(225, 20, 0, 'Sebring'),
(226, 20, 0, 'Stratus'),
(227, 20, 0, 'Town &amp; Country'),
(228, 20, 0, 'Tracker'),
(229, 20, 0, 'Vision'),
(230, 20, 0, 'Voyager'),
(231, 21, 0, 'AX'),
(232, 21, 0, 'BX'),
(233, 21, 0, 'Berlingo'),
(234, 21, 0, 'C2'),
(235, 21, 0, 'C25'),
(236, 21, 0, 'C3'),
(237, 21, 0, 'C4'),
(238, 21, 0, 'C4 Picasso'),
(239, 21, 0, 'C5'),
(240, 21, 0, 'C6'),
(241, 21, 0, 'C8'),
(242, 21, 0, 'Evasion'),
(243, 21, 0, 'Jumper'),
(244, 21, 0, 'Jumpy'),
(245, 21, 0, 'LNA'),
(246, 21, 0, 'Saxo'),
(247, 21, 0, 'Visa'),
(248, 21, 0, 'XM'),
(249, 21, 0, 'Xantia'),
(250, 21, 0, 'Xsara'),
(251, 21, 0, 'Xsara Picasso'),
(252, 21, 0, 'ZX'),
(253, 22, 0, 'T-Rex'),
(254, 23, 0, '1410'),
(255, 24, 0, 'City Leading'),
(256, 24, 0, 'Shuttle'),
(257, 25, 0, 'Damas'),
(258, 25, 0, 'Espero'),
(259, 25, 0, 'Evanda'),
(260, 25, 0, 'Kalos'),
(261, 25, 0, 'LE Mans'),
(262, 25, 0, 'Lacetti'),
(263, 25, 0, 'Lanos'),
(264, 25, 0, 'Leganza'),
(265, 25, 0, 'Magnus'),
(266, 25, 0, 'Matiz'),
(267, 25, 0, 'Nexia'),
(268, 25, 0, 'Nubira'),
(269, 25, 0, 'Prince'),
(270, 25, 0, 'Racer'),
(271, 25, 0, 'Rezzo'),
(272, 25, 0, 'Tacuma'),
(273, 25, 0, 'Tico'),
(274, 26, 0, 'Altis'),
(275, 26, 0, 'Applause'),
(276, 26, 0, 'Atrai/extol'),
(277, 26, 0, 'Be-go'),
(278, 26, 0, 'Boon'),
(279, 26, 0, 'Charade'),
(280, 26, 0, 'Copen'),
(281, 26, 0, 'Cuore'),
(282, 26, 0, 'Esse'),
(283, 26, 0, 'Feroza'),
(284, 26, 0, 'Materia'),
(285, 26, 0, 'Mira'),
(286, 26, 0, 'Move'),
(287, 26, 0, 'Pyzar'),
(288, 26, 0, 'Rocky'),
(289, 26, 0, 'Sirion'),
(290, 26, 0, 'Storia'),
(291, 26, 0, 'Terios'),
(292, 26, 0, 'YRV'),
(293, 27, 0, '2.8 - 5.3'),
(294, 27, 0, 'Limousine'),
(295, 28, 0, 'Aurora'),
(296, 28, 0, 'Cowboy'),
(297, 28, 0, 'Plutus'),
(298, 28, 0, 'Shuttle'),
(299, 29, 0, 'Avenger'),
(300, 29, 0, 'Caliber'),
(301, 29, 0, 'Caravan'),
(302, 29, 0, 'Challenger'),
(303, 29, 0, 'Charger'),
(304, 29, 0, 'Dakota'),
(305, 29, 0, 'Durango'),
(306, 29, 0, 'Grand Caravan'),
(307, 29, 0, 'Intrepid'),
(308, 29, 0, 'Magnum'),
(309, 29, 0, 'Neon'),
(310, 29, 0, 'Nitro'),
(311, 29, 0, 'RAM'),
(312, 29, 0, 'Ramcharger'),
(313, 29, 0, 'Shadow'),
(314, 29, 0, 'Spirit'),
(315, 29, 0, 'Stealth'),
(316, 29, 0, 'Stratus'),
(317, 29, 0, 'Viper'),
(318, 30, 0, 'MPV'),
(319, 31, 0, 'Assol'),
(320, 31, 0, 'Kondor'),
(321, 31, 0, 'Orion'),
(322, 32, 0, 'D8'),
(323, 33, 0, 'Talon'),
(324, 33, 0, 'Vision'),
(325, 34, 0, 'Admiral'),
(326, 34, 0, 'Jinn'),
(327, 34, 0, 'Vita'),
(328, 35, 0, '360'),
(329, 35, 0, '430'),
(330, 35, 0, '599'),
(331, 35, 0, '612 Scaglietti'),
(332, 35, 0, 'California'),
(333, 35, 0, 'Enzo'),
(334, 35, 0, 'F355'),
(335, 35, 0, 'Maranello'),
(336, 35, 0, 'Mondial'),
(337, 35, 0, 'Testarossa'),
(338, 36, 0, '131'),
(339, 36, 0, 'Albea'),
(340, 36, 0, 'Barchetta'),
(341, 36, 0, 'Brava'),
(342, 36, 0, 'Bravo'),
(343, 36, 0, 'Cinquecento'),
(344, 36, 0, 'Coupe'),
(345, 36, 0, 'Croma'),
(346, 36, 0, 'Doblo'),
(347, 36, 0, 'Fiorino'),
(348, 36, 0, 'Marea'),
(349, 36, 0, 'Multipla'),
(350, 36, 0, 'New 500'),
(351, 36, 0, 'Palio'),
(352, 36, 0, 'Panda'),
(353, 36, 0, 'Punto'),
(354, 36, 0, 'Regata'),
(355, 36, 0, 'Ritmo'),
(356, 36, 0, 'Sedici'),
(357, 36, 0, 'Seicento'),
(358, 36, 0, 'Stilo'),
(359, 36, 0, 'Tempra'),
(360, 36, 0, 'Tipo'),
(361, 36, 0, 'UNO'),
(362, 36, 0, 'Ulysse'),
(363, 36, 0, 'X 1/9'),
(364, 37, 0, 'Aerostar'),
(365, 37, 0, 'Bronco'),
(366, 37, 0, 'C-MAX'),
(367, 37, 0, 'Capri'),
(368, 37, 0, 'Contour'),
(369, 37, 0, 'Cougar'),
(370, 37, 0, 'Crown Victoria'),
(371, 37, 0, 'Econoline'),
(372, 37, 0, 'Edge'),
(373, 37, 0, 'Escape'),
(374, 37, 0, 'Escort'),
(375, 37, 0, 'Excursion'),
(376, 37, 0, 'Expedition'),
(377, 37, 0, 'Explorer'),
(378, 37, 0, 'F-150'),
(379, 37, 0, 'Fiesta'),
(380, 37, 0, 'Fiesta ST'),
(381, 37, 0, 'Five Hundred'),
(382, 37, 0, 'Focus'),
(383, 37, 0, 'Focus ST'),
(384, 37, 0, 'Freestyle'),
(385, 37, 0, 'Fusion'),
(386, 37, 0, 'Fusion (USA)'),
(387, 37, 0, 'GT'),
(388, 37, 0, 'Galaxy'),
(389, 37, 0, 'Granada'),
(390, 37, 0, 'Granada (USA)'),
(391, 37, 0, 'KA'),
(392, 37, 0, 'Kuga'),
(393, 37, 0, 'Maverick'),
(394, 37, 0, 'Mondeo'),
(395, 37, 0, 'Mustang'),
(396, 37, 0, 'Orion'),
(397, 37, 0, 'Probe'),
(398, 37, 0, 'Puma'),
(399, 37, 0, 'Ranger'),
(400, 37, 0, 'S-MAX'),
(401, 37, 0, 'Scorpio'),
(402, 37, 0, 'Shelby'),
(403, 37, 0, 'Sierra'),
(404, 37, 0, 'Taunus'),
(405, 37, 0, 'Taurus'),
(406, 37, 0, 'Tempo'),
(407, 37, 0, 'Thunderbird'),
(408, 37, 0, 'Tourneo Connect'),
(409, 37, 0, 'Windstar'),
(410, 38, 0, 'MK'),
(411, 38, 0, 'Otaka'),
(412, 39, 0, 'Metro'),
(413, 39, 0, 'Prizm'),
(414, 39, 0, 'Storm'),
(415, 39, 0, 'Tracker'),
(416, 40, 0, 'Acadia'),
(417, 40, 0, 'Envoy'),
(418, 40, 0, 'Jimmy'),
(419, 40, 0, 'Safari'),
(420, 40, 0, 'Savana'),
(421, 40, 0, 'Sierra'),
(422, 40, 0, 'Sonoma'),
(423, 40, 0, 'Yukon'),
(424, 40, 0, 'suburban'),
(425, 41, 0, 'Deer'),
(426, 41, 0, 'Hover'),
(427, 41, 0, 'SUV'),
(428, 41, 0, 'Safe'),
(429, 41, 0, 'Sailor'),
(430, 41, 0, 'Socool'),
(431, 41, 0, 'Wingle'),
(432, 42, 0, 'Brio'),
(433, 42, 0, 'Princip'),
(434, 42, 0, 'Simbo'),
(435, 43, 0, 'Accord'),
(436, 43, 0, 'Airwave'),
(437, 43, 0, 'Avancier'),
(438, 43, 0, 'CR-V'),
(439, 43, 0, 'CRX'),
(440, 43, 0, 'Capa'),
(441, 43, 0, 'City'),
(442, 43, 0, 'Civic'),
(443, 43, 0, 'Civic Shuttle'),
(444, 43, 0, 'Concerto'),
(445, 43, 0, 'Domani'),
(446, 43, 0, 'Edix'),
(447, 43, 0, 'Element'),
(448, 43, 0, 'FIT'),
(449, 43, 0, 'FR-V'),
(450, 43, 0, 'Fit Aria'),
(451, 43, 0, 'Hr-v'),
(452, 43, 0, 'Insight'),
(453, 43, 0, 'Inspire'),
(454, 43, 0, 'Integra'),
(455, 43, 0, 'Jazz'),
(456, 43, 0, 'Legend'),
(457, 43, 0, 'Life'),
(458, 43, 0, 'Logo'),
(459, 43, 0, 'Mobilio'),
(460, 43, 0, 'NSX'),
(461, 43, 0, 'Odyssey'),
(462, 43, 0, 'Orthia'),
(463, 43, 0, 'Partner'),
(464, 43, 0, 'Passport'),
(465, 43, 0, 'Pilot'),
(466, 43, 0, 'Prelude'),
(467, 43, 0, 'Rafaga'),
(468, 43, 0, 'Ridgeline'),
(469, 43, 0, 'S2000'),
(470, 43, 0, 'Saber'),
(471, 43, 0, 'Shuttle'),
(472, 43, 0, 'Sm-x'),
(473, 43, 0, 'Stepwgn'),
(474, 43, 0, 'Stream'),
(475, 43, 0, 'Torneo'),
(476, 43, 0, 'Vamos'),
(477, 43, 0, 'Vigor'),
(478, 43, 0, 'Z'),
(479, 44, 0, 'Antelope'),
(480, 45, 0, 'Hummer'),
(481, 45, 0, 'Hummer H1'),
(482, 45, 0, 'Hummer H2'),
(483, 45, 0, 'Hummer H3'),
(484, 46, 0, 'Accent'),
(485, 46, 0, 'Atos'),
(486, 46, 0, 'Coupe'),
(487, 46, 0, 'Elantra'),
(488, 46, 0, 'Galloper'),
(489, 46, 0, 'Getz'),
(490, 46, 0, 'Grandeur'),
(491, 46, 0, 'H-1 Starex'),
(492, 46, 0, 'H100'),
(493, 46, 0, 'Lavita'),
(494, 46, 0, 'Marcia'),
(495, 46, 0, 'Matrix'),
(496, 46, 0, 'NF'),
(497, 46, 0, 'Pony'),
(498, 46, 0, 'S-Coupe'),
(499, 46, 0, 'Santa FE'),
(500, 46, 0, 'Santamo'),
(501, 46, 0, 'Sonata'),
(502, 46, 0, 'Terracan'),
(503, 46, 0, 'Tiburon'),
(504, 46, 0, 'Trajet'),
(505, 46, 0, 'Tucson'),
(506, 46, 0, 'Tuscani'),
(507, 46, 0, 'Veracruz'),
(508, 46, 0, 'Verna'),
(509, 46, 0, 'XG'),
(510, 47, 0, 'EX'),
(511, 47, 0, 'FX 35'),
(512, 47, 0, 'FX 45'),
(513, 47, 0, 'FX 50'),
(514, 47, 0, 'G35'),
(515, 47, 0, 'G37'),
(516, 47, 0, 'I30'),
(517, 47, 0, 'I35'),
(518, 47, 0, 'J30'),
(519, 47, 0, 'M35'),
(520, 47, 0, 'M45'),
(521, 47, 0, 'Q45'),
(522, 47, 0, 'QX4'),
(523, 47, 0, 'QX56'),
(524, 48, 0, 'Samand'),
(525, 49, 0, 'Ascender'),
(526, 49, 0, 'Aska'),
(527, 49, 0, 'Axiom'),
(528, 49, 0, 'Bighorn'),
(529, 49, 0, 'Gemini'),
(530, 49, 0, 'Impulse'),
(531, 49, 0, 'Rodeo'),
(532, 49, 0, 'Trooper'),
(533, 49, 0, 'VehiCross'),
(534, 49, 0, 'Wizard'),
(535, 50, 0, 'Refine'),
(536, 50, 0, 'Rein'),
(537, 51, 0, 'E-type'),
(538, 51, 0, 'S-type'),
(539, 51, 0, 'X-type'),
(540, 51, 0, 'XF'),
(541, 51, 0, 'XJ'),
(542, 51, 0, 'XJR'),
(543, 51, 0, 'XJS Coupe'),
(544, 51, 0, 'XJSc Convertible'),
(545, 51, 0, 'XK 8'),
(546, 51, 0, 'XKR'),
(547, 52, 0, 'CJ5 - CJ8'),
(548, 52, 0, 'Cherokee'),
(549, 52, 0, 'Commander'),
(550, 52, 0, 'Compass'),
(551, 52, 0, 'Grand Cherokee'),
(552, 52, 0, 'Liberty'),
(553, 52, 0, 'Patriot'),
(554, 52, 0, 'Wrangler'),
(555, 53, 0, 'Avella'),
(556, 53, 0, 'Besta'),
(557, 53, 0, 'Borrego'),
(558, 53, 0, 'Capital'),
(559, 53, 0, 'Carens'),
(560, 53, 0, 'Carnival'),
(561, 53, 0, 'Cee&#039;d'),
(562, 53, 0, 'Cerato'),
(563, 53, 0, 'Clarus'),
(564, 53, 0, 'Joice'),
(565, 53, 0, 'Magentis'),
(566, 53, 0, 'Opirus'),
(567, 53, 0, 'Optima'),
(568, 53, 0, 'Picanto'),
(569, 53, 0, 'Potentia'),
(570, 53, 0, 'Pregio'),
(571, 53, 0, 'Pride'),
(572, 53, 0, 'Retona'),
(573, 53, 0, 'Rio'),
(574, 53, 0, 'Sedona'),
(575, 53, 0, 'Sephia'),
(576, 53, 0, 'Shuma'),
(577, 53, 0, 'Sorento'),
(578, 53, 0, 'Spectra'),
(579, 53, 0, 'Sportage'),
(580, 53, 0, 'Visto'),
(581, 54, 0, 'CC'),
(582, 55, 0, 'Diablo'),
(583, 55, 0, 'Espada'),
(584, 55, 0, 'Gallardo'),
(585, 55, 0, 'Murcielago'),
(586, 56, 0, 'Beta'),
(587, 56, 0, 'Dedra'),
(588, 56, 0, 'Delta'),
(589, 56, 0, 'Kappa'),
(590, 56, 0, 'Lybra'),
(591, 56, 0, 'Phedra'),
(592, 56, 0, 'Thema'),
(593, 56, 0, 'Thesis'),
(594, 56, 0, 'Y'),
(595, 57, 0, '90/110'),
(596, 57, 0, 'Defender'),
(597, 57, 0, 'Discovery'),
(598, 57, 0, 'Freelander'),
(599, 57, 0, 'Land Rover'),
(600, 57, 0, 'Range Rover'),
(601, 57, 0, 'Range Rover Sport'),
(602, 58, 0, 'Double Gate'),
(603, 58, 0, 'SUV'),
(604, 59, 0, 'ES 300'),
(605, 59, 0, 'ES 330'),
(606, 59, 0, 'ES 350'),
(607, 59, 0, 'GS 300'),
(608, 59, 0, 'GS 350'),
(609, 59, 0, 'GS 400'),
(610, 59, 0, 'GS 430'),
(611, 59, 0, 'GS 450h'),
(612, 59, 0, 'GS 460'),
(613, 59, 0, 'GX'),
(614, 59, 0, 'IS 200'),
(615, 59, 0, 'IS 250'),
(616, 59, 0, 'IS 300'),
(617, 59, 0, 'IS 350'),
(618, 59, 0, 'IS-F'),
(619, 59, 0, 'LS 400'),
(620, 59, 0, 'LS 430'),
(621, 59, 0, 'LS 460'),
(622, 59, 0, 'LS 600'),
(623, 59, 0, 'LX 450'),
(624, 59, 0, 'LX 470'),
(625, 59, 0, 'LX 570'),
(626, 59, 0, 'RX 300'),
(627, 59, 0, 'RX 330'),
(628, 59, 0, 'RX 350'),
(629, 59, 0, 'RX 400h'),
(630, 59, 0, 'SC 300'),
(631, 59, 0, 'SC 400'),
(632, 59, 0, 'SC 430'),
(633, 60, 0, 'Breez (520)'),
(634, 61, 0, 'Aviator'),
(635, 61, 0, 'Continental'),
(636, 61, 0, 'LS'),
(637, 61, 0, 'MKX'),
(638, 61, 0, 'MKZ'),
(639, 61, 0, 'Mark'),
(640, 61, 0, 'Mark LT'),
(641, 61, 0, 'Navigator'),
(642, 61, 0, 'Town Car'),
(643, 61, 0, 'Zephyr'),
(644, 62, 0, 'Elise'),
(645, 62, 0, 'Exige'),
(646, 62, 0, 'Super 7'),
(647, 63, 0, 'Marshal'),
(648, 64, 0, 'Alto'),
(649, 65, 0, '228'),
(650, 65, 0, '3200 GT'),
(651, 65, 0, '4300 GT Coupe'),
(652, 65, 0, 'Biturbo'),
(653, 65, 0, 'Coupe'),
(654, 65, 0, 'GranSport'),
(655, 65, 0, 'GranTurismo'),
(656, 65, 0, 'Quattroporte'),
(657, 65, 0, 'Spyder'),
(658, 66, 0, 'Maybach 57 S и Maybach 62 S'),
(659, 66, 0, 'Maybach 57 и Maybach 62'),
(660, 67, 0, '121'),
(661, 67, 0, '323'),
(662, 67, 0, '626'),
(663, 67, 0, '929'),
(664, 67, 0, 'Atenza'),
(665, 67, 0, 'Axela'),
(666, 67, 0, 'Az-wagon'),
(667, 67, 0, 'B-serie'),
(668, 67, 0, 'BT-50'),
(669, 67, 0, 'Bongo'),
(670, 67, 0, 'CX-7'),
(671, 67, 0, 'CX-9'),
(672, 67, 0, 'Capella'),
(673, 67, 0, 'Carol'),
(674, 67, 0, 'Demio'),
(675, 67, 0, 'E 2000,2200 Bus'),
(676, 67, 0, 'Eunos 500'),
(677, 67, 0, 'Eunos Cosmo'),
(678, 67, 0, 'Familia'),
(679, 67, 0, 'Lantis'),
(680, 67, 0, 'Levante'),
(681, 67, 0, 'Luce'),
(682, 67, 0, 'MPV'),
(683, 67, 0, 'Mazda 2'),
(684, 67, 0, 'Mazda 3'),
(685, 67, 0, 'Mazda 3 MPS'),
(686, 67, 0, 'Mazda 5'),
(687, 67, 0, 'Mazda 6'),
(688, 67, 0, 'Mazda 6 MPS'),
(689, 67, 0, 'Millenia'),
(690, 67, 0, 'Mx-3'),
(691, 67, 0, 'Mx-5'),
(692, 67, 0, 'Mx-6'),
(693, 67, 0, 'Premacy'),
(694, 67, 0, 'Protege'),
(695, 67, 0, 'RX 7'),
(696, 67, 0, 'Roadster'),
(697, 67, 0, 'Rx-8'),
(698, 67, 0, 'Tribute'),
(699, 67, 0, 'Verisa'),
(700, 67, 0, 'Xedos 6'),
(701, 67, 0, 'Xedos 9'),
(702, 68, 0, ' Cabrio'),
(703, 68, 0, ' Coupe'),
(704, 68, 0, ' T-mod.'),
(705, 68, 0, '/8'),
(706, 68, 0, '190'),
(707, 68, 0, '200'),
(708, 68, 0, '220'),
(709, 68, 0, '230'),
(710, 68, 0, '240'),
(711, 68, 0, '250'),
(712, 68, 0, '260'),
(713, 68, 0, '280'),
(714, 68, 0, '300'),
(715, 68, 0, '500'),
(716, 68, 0, 'A-klasse A 140'),
(717, 68, 0, 'A-klasse A 150'),
(718, 68, 0, 'A-klasse A 160'),
(719, 68, 0, 'A-klasse A 170'),
(720, 68, 0, 'A-klasse A 180'),
(721, 68, 0, 'A-klasse A 190'),
(722, 68, 0, 'A-klasse A 200'),
(723, 68, 0, 'A-klasse A 210'),
(724, 68, 0, 'B-klasse B 170'),
(725, 68, 0, 'B-klasse B 180'),
(726, 68, 0, 'B-klasse B 200'),
(727, 68, 0, 'C-klasse C 180'),
(728, 68, 0, 'C-klasse C 200'),
(729, 68, 0, 'C-klasse C 220'),
(730, 68, 0, 'C-klasse C 230'),
(731, 68, 0, 'C-klasse C 240'),
(732, 68, 0, 'C-klasse C 250'),
(733, 68, 0, 'C-klasse C 270'),
(734, 68, 0, 'C-klasse C 280'),
(735, 68, 0, 'C-klasse C 32 AMG'),
(736, 68, 0, 'C-klasse C 320'),
(737, 68, 0, 'C-klasse C 350'),
(738, 68, 0, 'C-klasse C 36 AMG'),
(739, 68, 0, 'C-klasse C 55 AMG'),
(740, 68, 0, 'C-klasse C 63 AMG'),
(741, 68, 0, 'CL-Klasse CL 420'),
(742, 68, 0, 'CL-Klasse CL 500'),
(743, 68, 0, 'CL-Klasse CL 55 AMG'),
(744, 68, 0, 'CL-Klasse CL 600'),
(745, 68, 0, 'CL-Klasse CL 63 AMG'),
(746, 68, 0, 'CL-Klasse CL 65 AMG'),
(747, 68, 0, 'CLC-klasse CLC 220 CDI'),
(748, 68, 0, 'CLK-klasse CLK 200'),
(749, 68, 0, 'CLK-klasse CLK 220'),
(750, 68, 0, 'CLK-klasse CLK 230'),
(751, 68, 0, 'CLK-klasse CLK 240'),
(752, 68, 0, 'CLK-klasse CLK 270'),
(753, 68, 0, 'CLK-klasse CLK 320'),
(754, 68, 0, 'CLK-klasse CLK 350'),
(755, 68, 0, 'CLK-klasse CLK 430'),
(756, 68, 0, 'CLK-klasse CLK 500'),
(757, 68, 0, 'CLK-klasse CLK 55 AMG'),
(758, 68, 0, 'CLK-klasse CLK 63 AMG'),
(759, 68, 0, 'CLS-klasse CLS 320'),
(760, 68, 0, 'CLS-klasse CLS 350'),
(761, 68, 0, 'CLS-klasse CLS 500'),
(762, 68, 0, 'CLS-klasse CLS 55 AMG'),
(763, 68, 0, 'CLS-klasse CLS 63 AMG'),
(764, 68, 0, 'E-klasse E 200'),
(765, 68, 0, 'E-klasse E 220'),
(766, 68, 0, 'E-klasse E 230'),
(767, 68, 0, 'E-klasse E 240'),
(768, 68, 0, 'E-klasse E 250'),
(769, 68, 0, 'E-klasse E 270'),
(770, 68, 0, 'E-klasse E 280'),
(771, 68, 0, 'E-klasse E 290'),
(772, 68, 0, 'E-klasse E 300'),
(773, 68, 0, 'E-klasse E 320'),
(774, 68, 0, 'E-klasse E 350'),
(775, 68, 0, 'E-klasse E 400'),
(776, 68, 0, 'E-klasse E 420'),
(777, 68, 0, 'E-klasse E 430'),
(778, 68, 0, 'E-klasse E 50 AMG'),
(779, 68, 0, 'E-klasse E 500'),
(780, 68, 0, 'E-klasse E 55 AMG'),
(781, 68, 0, 'E-klasse E 63 AMG'),
(782, 68, 0, 'G-Klasse G 230'),
(783, 68, 0, 'G-Klasse G 250'),
(784, 68, 0, 'G-Klasse G 270'),
(785, 68, 0, 'G-Klasse G 280'),
(786, 68, 0, 'G-Klasse G 290'),
(787, 68, 0, 'G-Klasse G 300'),
(788, 68, 0, 'G-Klasse G 320'),
(789, 68, 0, 'G-Klasse G 350'),
(790, 68, 0, 'G-Klasse G 400'),
(791, 68, 0, 'G-Klasse G 500'),
(792, 68, 0, 'G-Klasse G 55 AMG'),
(793, 68, 0, 'GL-klasse GL 320'),
(794, 68, 0, 'GL-klasse GL 420'),
(795, 68, 0, 'GL-klasse GL 450'),
(796, 68, 0, 'GL-klasse GL 500'),
(797, 68, 0, 'GL-klasse GL 550'),
(798, 68, 0, 'M-klasse ML 230'),
(799, 68, 0, 'M-klasse ML 270'),
(800, 68, 0, 'M-klasse ML 280'),
(801, 68, 0, 'M-klasse ML 320'),
(802, 68, 0, 'M-klasse ML 350'),
(803, 68, 0, 'M-klasse ML 400'),
(804, 68, 0, 'M-klasse ML 430'),
(805, 68, 0, 'M-klasse ML 500'),
(806, 68, 0, 'M-klasse ML 55 AMG'),
(807, 68, 0, 'M-klasse ML 63 AMG'),
(808, 68, 0, 'Pullmann'),
(809, 68, 0, 'R-klasse'),
(810, 68, 0, 'R-klasse R 320'),
(811, 68, 0, 'R-klasse R 350'),
(812, 68, 0, 'R-klasse R 500'),
(813, 68, 0, 'S-klasse S 260'),
(814, 68, 0, 'S-klasse S 280'),
(815, 68, 0, 'S-klasse S 300'),
(816, 68, 0, 'S-klasse S 320'),
(817, 68, 0, 'S-klasse S 350'),
(818, 68, 0, 'S-klasse S 380'),
(819, 68, 0, 'S-klasse S 400'),
(820, 68, 0, 'S-klasse S 420'),
(821, 68, 0, 'S-klasse S 430'),
(822, 68, 0, 'S-klasse S 450'),
(823, 68, 0, 'S-klasse S 500'),
(824, 68, 0, 'S-klasse S 55 AMG'),
(825, 68, 0, 'S-klasse S 550'),
(826, 68, 0, 'S-klasse S 560'),
(827, 68, 0, 'S-klasse S 600'),
(828, 68, 0, 'S-klasse S 65 AMG'),
(829, 68, 0, 'SL-klasse SL 280'),
(830, 68, 0, 'SL-klasse SL 300'),
(831, 68, 0, 'SL-klasse SL 320'),
(832, 68, 0, 'SL-klasse SL 350'),
(833, 68, 0, 'SL-klasse SL 380'),
(834, 68, 0, 'SL-klasse SL 420'),
(835, 68, 0, 'SL-klasse SL 450'),
(836, 68, 0, 'SL-klasse SL 500'),
(837, 68, 0, 'SL-klasse SL 55 AMG'),
(838, 68, 0, 'SL-klasse SL 600'),
(839, 68, 0, 'SL-klasse SL 63 AMG'),
(840, 68, 0, 'SL-klasse SL 65 AMG'),
(841, 68, 0, 'SLK-klasse SLK 200'),
(842, 68, 0, 'SLK-klasse SLK 230'),
(843, 68, 0, 'SLK-klasse SLK 280'),
(844, 68, 0, 'SLK-klasse SLK 32 AMG'),
(845, 68, 0, 'SLK-klasse SLK 320'),
(846, 68, 0, 'SLK-klasse SLK 350'),
(847, 68, 0, 'SLK-klasse SLK 55 AMG'),
(848, 68, 0, 'SLR McLaren'),
(849, 68, 0, 'V-klasse V 200'),
(850, 68, 0, 'V-klasse V 220'),
(851, 68, 0, 'V-klasse V 230'),
(852, 68, 0, 'V-klasse V 280'),
(853, 68, 0, 'Vaneo'),
(854, 68, 0, 'Viano'),
(855, 69, 0, 'Capri'),
(856, 69, 0, 'Cougar'),
(857, 69, 0, 'Grand Marquis'),
(858, 69, 0, 'Mariner'),
(859, 69, 0, 'Montego'),
(860, 69, 0, 'Mountaineer'),
(861, 69, 0, 'Mystique'),
(862, 69, 0, 'Sable'),
(863, 69, 0, 'Topaz'),
(864, 69, 0, 'Tracer'),
(865, 69, 0, 'Villager'),
(866, 70, 0, 'Taxi  (II -series)'),
(867, 71, 0, 'MGB'),
(868, 71, 0, 'MGF'),
(869, 71, 0, 'TF'),
(870, 71, 0, 'ZR'),
(871, 71, 0, 'ZT'),
(872, 72, 0, 'MC1'),
(873, 73, 0, 'Clubman'),
(874, 73, 0, 'Cooper'),
(875, 73, 0, 'One'),
(876, 74, 0, '3000 GT'),
(877, 74, 0, 'Airtrek'),
(878, 74, 0, 'Aspire'),
(879, 74, 0, 'Carisma'),
(880, 74, 0, 'Challenger'),
(881, 74, 0, 'Chariot'),
(882, 74, 0, 'Colt'),
(883, 74, 0, 'Debonair'),
(884, 74, 0, 'Delica'),
(885, 74, 0, 'Diamante'),
(886, 74, 0, 'Dingo'),
(887, 74, 0, 'Dion'),
(888, 74, 0, 'EK Wagon'),
(889, 74, 0, 'Eclipse'),
(890, 74, 0, 'Emeraude'),
(891, 74, 0, 'Endeavor'),
(892, 74, 0, 'FTO'),
(893, 74, 0, 'GTO'),
(894, 74, 0, 'Galant'),
(895, 74, 0, 'Grandis'),
(896, 74, 0, 'L 200'),
(897, 74, 0, 'Lancer'),
(898, 74, 0, 'Lancer'),
(899, 74, 0, 'Lancer Cedia'),
(900, 74, 0, 'Lancer Evolution'),
(901, 74, 0, 'Legnum'),
(902, 74, 0, 'Libero'),
(903, 74, 0, 'Minica'),
(904, 74, 0, 'Mirage'),
(905, 74, 0, 'Montero'),
(906, 74, 0, 'Montero Sport'),
(907, 74, 0, 'Outlander'),
(908, 74, 0, 'Pajero'),
(909, 74, 0, 'Pajero Sport'),
(910, 74, 0, 'RVR'),
(911, 74, 0, 'Sapporo'),
(912, 74, 0, 'Sigma'),
(913, 74, 0, 'Space Gear'),
(914, 74, 0, 'Space Runner'),
(915, 74, 0, 'Space Star'),
(916, 74, 0, 'Space Wagon'),
(917, 74, 0, 'Starion'),
(918, 74, 0, 'Town BOX'),
(919, 74, 0, 'i'),
(920, 75, 0, 'Galue'),
(921, 75, 0, 'Le-Sayde'),
(922, 75, 0, 'Le-Seyde'),
(923, 76, 0, 'Aero 8'),
(924, 77, 0, '100 NX'),
(925, 77, 0, '200 SX'),
(926, 77, 0, '300 ZX'),
(927, 77, 0, '350Z'),
(928, 77, 0, 'AD'),
(929, 77, 0, 'Almera'),
(930, 77, 0, 'Almera Classic'),
(931, 77, 0, 'Almera Tino'),
(932, 77, 0, 'Altima'),
(933, 77, 0, 'Armada'),
(934, 77, 0, 'Avenir'),
(935, 77, 0, 'Bassara'),
(936, 77, 0, 'Bluebird'),
(937, 77, 0, 'Cedric'),
(938, 77, 0, 'Cefiro'),
(939, 77, 0, 'Cherry'),
(940, 77, 0, 'Cima'),
(941, 77, 0, 'Cube'),
(942, 77, 0, 'Datsun'),
(943, 77, 0, 'Elgrand'),
(944, 77, 0, 'Expert'),
(945, 77, 0, 'Fairlady'),
(946, 77, 0, 'Frontier'),
(947, 77, 0, 'Fuga'),
(948, 77, 0, 'GT-R'),
(949, 77, 0, 'Gloria'),
(950, 77, 0, 'King Cab'),
(951, 77, 0, 'Lafesta'),
(952, 77, 0, 'Largo'),
(953, 77, 0, 'Laurel'),
(954, 77, 0, 'Leopard'),
(955, 77, 0, 'Liberty'),
(956, 77, 0, 'Lucino'),
(957, 77, 0, 'March'),
(958, 77, 0, 'Maxima'),
(959, 77, 0, 'Micra'),
(960, 77, 0, 'Mistral'),
(961, 77, 0, 'Moco'),
(962, 77, 0, 'Murano'),
(963, 77, 0, 'Navara'),
(964, 77, 0, 'Note'),
(965, 77, 0, 'Pathfinder'),
(966, 77, 0, 'Patrol'),
(967, 77, 0, 'Pick UP'),
(968, 77, 0, 'Prairie'),
(969, 77, 0, 'Presage'),
(970, 77, 0, 'Presea'),
(971, 77, 0, 'Primera'),
(972, 77, 0, 'Pulsar'),
(973, 77, 0, 'Qashqai'),
(974, 77, 0, 'Quest'),
(975, 77, 0, 'R Nessa'),
(976, 77, 0, 'Rasheen'),
(977, 77, 0, 'Rogue'),
(978, 77, 0, 'Safari'),
(979, 77, 0, 'Sentra'),
(980, 77, 0, 'Serena'),
(981, 77, 0, 'Silvia'),
(982, 77, 0, 'Skyline'),
(983, 77, 0, 'Stagea'),
(984, 77, 0, 'Stanza'),
(985, 77, 0, 'Sunny'),
(986, 77, 0, 'Teana'),
(987, 77, 0, 'Terrano'),
(988, 77, 0, 'Tiida'),
(989, 77, 0, 'Tino'),
(990, 77, 0, 'Titan'),
(991, 77, 0, 'Urvan'),
(992, 77, 0, 'Vanette'),
(993, 77, 0, 'Wingroad'),
(994, 77, 0, 'X-Terra'),
(995, 77, 0, 'X-Trail'),
(996, 78, 0, 'Achieva'),
(997, 78, 0, 'Alero'),
(998, 78, 0, 'Aurora'),
(999, 78, 0, 'Bravada'),
(1000, 78, 0, 'Cutlass'),
(1001, 78, 0, 'Silhouette'),
(1002, 79, 0, 'Agila'),
(1003, 79, 0, 'Antara'),
(1004, 79, 0, 'Ascona'),
(1005, 79, 0, 'Astra'),
(1006, 79, 0, 'Astra OPC'),
(1007, 79, 0, 'Calibra'),
(1008, 79, 0, 'Campo'),
(1009, 79, 0, 'Combo'),
(1010, 79, 0, 'Commodore'),
(1011, 79, 0, 'Corsa'),
(1012, 79, 0, 'Corsa OPC'),
(1013, 79, 0, 'Frontera'),
(1014, 79, 0, 'GT'),
(1015, 79, 0, 'Kadett'),
(1016, 79, 0, 'Manta'),
(1017, 79, 0, 'Meriva'),
(1018, 79, 0, 'Monterey'),
(1019, 79, 0, 'Movano'),
(1020, 79, 0, 'Omega'),
(1021, 79, 0, 'Rekord'),
(1022, 79, 0, 'Senator'),
(1023, 79, 0, 'Signum'),
(1024, 79, 0, 'Sintra'),
(1025, 79, 0, 'Speedster'),
(1026, 79, 0, 'Tigra'),
(1027, 79, 0, 'Vectra'),
(1028, 79, 0, 'Vita'),
(1029, 79, 0, 'Zafira'),
(1030, 80, 0, 'Zonda C12'),
(1031, 81, 0, '106'),
(1032, 81, 0, '107'),
(1033, 81, 0, '205'),
(1034, 81, 0, '206'),
(1035, 81, 0, '207'),
(1036, 81, 0, '305'),
(1037, 81, 0, '306'),
(1038, 81, 0, '307'),
(1039, 81, 0, '308'),
(1040, 81, 0, '309'),
(1041, 81, 0, '405'),
(1042, 81, 0, '406'),
(1043, 81, 0, '407'),
(1044, 81, 0, '605'),
(1045, 81, 0, '607'),
(1046, 81, 0, '806'),
(1047, 81, 0, '807'),
(1048, 81, 0, '1007'),
(1049, 81, 0, '4007'),
(1050, 82, 0, 'Acclaim'),
(1051, 82, 0, 'Breeze'),
(1052, 82, 0, 'Grand Voyager'),
(1053, 82, 0, 'Laser'),
(1054, 82, 0, 'Neon'),
(1055, 82, 0, 'Prowler'),
(1056, 82, 0, 'Sundance'),
(1057, 82, 0, 'Voyager'),
(1058, 83, 0, '6000'),
(1059, 83, 0, 'Aztec'),
(1060, 83, 0, 'Bonneville'),
(1061, 83, 0, 'Firebird'),
(1062, 83, 0, 'GTO'),
(1063, 83, 0, 'Grand AM'),
(1064, 83, 0, 'Grand Prix'),
(1065, 83, 0, 'Phoenix'),
(1066, 83, 0, 'Solstige'),
(1067, 83, 0, 'Sunbird'),
(1068, 83, 0, 'Sunfire'),
(1069, 83, 0, 'Trans Sport'),
(1070, 83, 0, 'Vibe'),
(1071, 84, 0, '911'),
(1072, 84, 0, '924'),
(1073, 84, 0, '928'),
(1074, 84, 0, '944'),
(1075, 84, 0, '968'),
(1076, 84, 0, 'Boxster'),
(1077, 84, 0, 'Carrera GT'),
(1078, 84, 0, 'Cayenne'),
(1079, 84, 0, 'Cayman'),
(1080, 85, 0, 'Persona 300 Compact'),
(1081, 85, 0, 'Persona 400'),
(1082, 86, 0, 'G-modell'),
(1083, 86, 0, 'Pinzgauer'),
(1084, 87, 0, '5'),
(1085, 87, 0, '9'),
(1086, 87, 0, '11'),
(1087, 87, 0, '18'),
(1088, 87, 0, '19'),
(1089, 87, 0, '20'),
(1090, 87, 0, '21'),
(1091, 87, 0, '25'),
(1092, 87, 0, 'Avantime'),
(1093, 87, 0, 'Clio'),
(1094, 87, 0, 'Clio Symbol'),
(1095, 87, 0, 'Espace'),
(1096, 87, 0, 'Fuego'),
(1097, 87, 0, 'Grand Scenic'),
(1098, 87, 0, 'Kangoo Express'),
(1099, 87, 0, 'Kangoo Passenger'),
(1100, 87, 0, 'Laguna'),
(1101, 87, 0, 'Logan'),
(1102, 87, 0, 'Master'),
(1103, 87, 0, 'Megane'),
(1104, 87, 0, 'Modus'),
(1105, 87, 0, 'Rapid'),
(1106, 87, 0, 'Safrane'),
(1107, 87, 0, 'Scenic'),
(1108, 87, 0, 'Scenic RX'),
(1109, 87, 0, 'Super 5'),
(1110, 87, 0, 'Symbol'),
(1111, 87, 0, 'Trafic'),
(1112, 87, 0, 'Twingo'),
(1113, 87, 0, 'Vel Satis'),
(1114, 88, 0, 'Corniche Cabrio'),
(1115, 88, 0, 'Phantom'),
(1116, 88, 0, 'Phantom Drophead Coupe'),
(1117, 88, 0, 'Silver Seraph'),
(1118, 88, 0, 'Silver Spur'),
(1119, 89, 0, '25'),
(1120, 89, 0, '45'),
(1121, 89, 0, '75'),
(1122, 89, 0, '200'),
(1123, 89, 0, '400'),
(1124, 89, 0, '600'),
(1125, 89, 0, '800'),
(1126, 89, 0, 'Maestro'),
(1127, 89, 0, 'Mini MK'),
(1128, 89, 0, 'Montego'),
(1129, 90, 0, '9-2X'),
(1130, 90, 0, '9-3'),
(1131, 90, 0, '9-5'),
(1132, 90, 0, '9-7X'),
(1133, 90, 0, '99'),
(1134, 90, 0, '900'),
(1135, 90, 0, '9000'),
(1136, 91, 0, 'S7'),
(1137, 92, 0, 'ION'),
(1138, 92, 0, 'LS'),
(1139, 92, 0, 'SC'),
(1140, 92, 0, 'SL'),
(1141, 92, 0, 'VUE'),
(1142, 93, 0, 'tC'),
(1143, 93, 0, 'xA'),
(1144, 93, 0, 'xB'),
(1145, 94, 0, 'Alhambra'),
(1146, 94, 0, 'Altea'),
(1147, 94, 0, 'Arosa'),
(1148, 94, 0, 'Cordoba'),
(1149, 94, 0, 'Ibiza'),
(1150, 94, 0, 'Leon'),
(1151, 94, 0, 'Malaga'),
(1152, 94, 0, 'Ronda'),
(1153, 94, 0, 'Toledo'),
(1154, 95, 0, 'Sceo'),
(1155, 96, 0, 'Fabia'),
(1156, 96, 0, 'Favorit'),
(1157, 96, 0, 'Felicia'),
(1158, 96, 0, 'Octavia'),
(1159, 96, 0, 'Octavia Scout'),
(1160, 96, 0, 'Roomster'),
(1161, 96, 0, 'Superb'),
(1162, 97, 0, 'Crossblade'),
(1163, 97, 0, 'Forfour'),
(1164, 97, 0, 'Fortwo'),
(1165, 97, 0, 'Roadster'),
(1166, 98, 0, 'C8'),
(1167, 99, 0, 'Actyon'),
(1168, 99, 0, 'Chairman'),
(1169, 99, 0, 'Family'),
(1170, 99, 0, 'Istana'),
(1171, 99, 0, 'Korando'),
(1172, 99, 0, 'Kyron'),
(1173, 99, 0, 'Musso'),
(1174, 99, 0, 'Rexton'),
(1175, 99, 0, 'Rodius'),
(1176, 99, 0, 'Tager'),
(1177, 100, 0, 'Baja'),
(1178, 100, 0, 'Forester'),
(1179, 100, 0, 'Impreza'),
(1180, 100, 0, 'Impreza WRX'),
(1181, 100, 0, 'Justy'),
(1182, 100, 0, 'Legacy'),
(1183, 100, 0, 'Leone'),
(1184, 100, 0, 'Libero'),
(1185, 100, 0, 'Outback'),
(1186, 100, 0, 'Pleo'),
(1187, 100, 0, 'R2'),
(1188, 100, 0, 'SVX'),
(1189, 100, 0, 'Stella'),
(1190, 100, 0, 'Traviq'),
(1191, 100, 0, 'Tribeca'),
(1192, 100, 0, 'Vivio'),
(1193, 100, 0, 'XT'),
(1194, 101, 0, 'Aerio'),
(1195, 101, 0, 'Alto'),
(1196, 101, 0, 'Baleno'),
(1197, 101, 0, 'Cultus Wagon'),
(1198, 101, 0, 'Escudo'),
(1199, 101, 0, 'Every'),
(1200, 101, 0, 'Every Landy'),
(1201, 101, 0, 'Forenza'),
(1202, 101, 0, 'Grand Vitara'),
(1203, 101, 0, 'Ignis'),
(1204, 101, 0, 'Jimny'),
(1205, 101, 0, 'Kei'),
(1206, 101, 0, 'Liana'),
(1207, 101, 0, 'MR Wagon'),
(1208, 101, 0, 'SX4'),
(1209, 101, 0, 'Samurai'),
(1210, 101, 0, 'Sidekick'),
(1211, 101, 0, 'Swift'),
(1212, 101, 0, 'Verona'),
(1213, 101, 0, 'Vitara'),
(1214, 101, 0, 'Wagon R+'),
(1215, 101, 0, 'X-90'),
(1216, 101, 0, 'XL7'),
(1217, 102, 0, 'T613'),
(1218, 103, 0, 'Century'),
(1219, 104, 0, 'Admiral'),
(1220, 105, 0, '4runner'),
(1221, 105, 0, 'Allex'),
(1222, 105, 0, 'Allion'),
(1223, 105, 0, 'Alphard'),
(1224, 105, 0, 'Altezza'),
(1225, 105, 0, 'Aristo'),
(1226, 105, 0, 'Aurion'),
(1227, 105, 0, 'Auris'),
(1228, 105, 0, 'Avalon'),
(1229, 105, 0, 'Avensis'),
(1230, 105, 0, 'Avensis Verso'),
(1231, 105, 0, 'BB'),
(1232, 105, 0, 'Brevis'),
(1233, 105, 0, 'Caldina'),
(1234, 105, 0, 'Cami'),
(1235, 105, 0, 'Camry'),
(1236, 105, 0, 'Camry Solara'),
(1237, 105, 0, 'Carib'),
(1238, 105, 0, 'Carina'),
(1239, 105, 0, 'Carina E'),
(1240, 105, 0, 'Carina ED'),
(1241, 105, 0, 'Cavalier'),
(1242, 105, 0, 'Celica'),
(1243, 105, 0, 'Chaser'),
(1244, 105, 0, 'Corolla'),
(1245, 105, 0, 'Corolla'),
(1246, 105, 0, 'Corolla Ceres'),
(1247, 105, 0, 'Corolla FX'),
(1248, 105, 0, 'Corolla Fielder'),
(1249, 105, 0, 'Corolla Levin'),
(1250, 105, 0, 'Corolla Rumion'),
(1251, 105, 0, 'Corolla RunX'),
(1252, 105, 0, 'Corolla Spacio'),
(1253, 105, 0, 'Corolla Verso'),
(1254, 105, 0, 'Corona'),
(1255, 105, 0, 'Corsa'),
(1256, 105, 0, 'Cressida'),
(1257, 105, 0, 'Cresta'),
(1258, 105, 0, 'Crown'),
(1259, 105, 0, 'Crown'),
(1260, 105, 0, 'Crown Athlete'),
(1261, 105, 0, 'Crown Majesta'),
(1262, 105, 0, 'Curren'),
(1263, 105, 0, 'Cynos'),
(1264, 105, 0, 'Duet'),
(1265, 105, 0, 'Echo'),
(1266, 105, 0, 'Estima'),
(1267, 105, 0, 'FJ Cruiser'),
(1268, 105, 0, 'Fortuner'),
(1269, 105, 0, 'Funcargo'),
(1270, 105, 0, 'Gaia'),
(1271, 105, 0, 'Grand Hiace'),
(1272, 105, 0, 'Granvia'),
(1273, 105, 0, 'Harrier'),
(1274, 105, 0, 'Hiace'),
(1275, 105, 0, 'Highlander'),
(1276, 105, 0, 'Hilux Pick Up'),
(1277, 105, 0, 'Hilux Surf'),
(1278, 105, 0, 'ISis'),
(1279, 105, 0, 'Ipsum'),
(1280, 105, 0, 'Ist'),
(1281, 105, 0, 'Kluger'),
(1282, 105, 0, 'Land Cruiser'),
(1283, 105, 0, 'Land Cruiser (120) Prado'),
(1284, 105, 0, 'Land Cruiser (90) Prado'),
(1285, 105, 0, 'Land Cruiser 100'),
(1286, 105, 0, 'Land Cruiser 200'),
(1287, 105, 0, 'Land Cruiser 70'),
(1288, 105, 0, 'Land Cruiser 80'),
(1289, 105, 0, 'Lite Ace'),
(1290, 105, 0, 'MR 2'),
(1291, 105, 0, 'MR-S'),
(1292, 105, 0, 'Mark II'),
(1293, 105, 0, 'Mark X'),
(1294, 105, 0, 'MasterAce'),
(1295, 105, 0, 'Matrix'),
(1296, 105, 0, 'Nadia'),
(1297, 105, 0, 'Noah'),
(1298, 105, 0, 'Opa'),
(1299, 105, 0, 'Origin'),
(1300, 105, 0, 'Paseo'),
(1301, 105, 0, 'Passo'),
(1302, 105, 0, 'Picnic'),
(1303, 105, 0, 'Platz'),
(1304, 105, 0, 'Porte'),
(1305, 105, 0, 'Premio'),
(1306, 105, 0, 'Previa'),
(1307, 105, 0, 'Prius'),
(1308, 105, 0, 'Probox'),
(1309, 105, 0, 'Progres'),
(1310, 105, 0, 'Pronard'),
(1311, 105, 0, 'RAV 4'),
(1312, 105, 0, 'Ractis'),
(1313, 105, 0, 'Raum'),
(1314, 105, 0, 'Regius'),
(1315, 105, 0, 'Regius'),
(1316, 105, 0, 'Regius Ace'),
(1317, 105, 0, 'Scepter'),
(1318, 105, 0, 'Sequoia'),
(1319, 105, 0, 'Sera'),
(1320, 105, 0, 'Sienna'),
(1321, 105, 0, 'Sienta'),
(1322, 105, 0, 'Soarer'),
(1323, 105, 0, 'Solara'),
(1324, 105, 0, 'Sparky'),
(1325, 105, 0, 'Sprinter'),
(1326, 105, 0, 'Starlet'),
(1327, 105, 0, 'Succeed'),
(1328, 105, 0, 'Supra'),
(1329, 105, 0, 'Tacoma'),
(1330, 105, 0, 'Tercel'),
(1331, 105, 0, 'Tundra'),
(1332, 105, 0, 'Vellfire'),
(1333, 105, 0, 'Venza'),
(1334, 105, 0, 'Verossa'),
(1335, 105, 0, 'Vista'),
(1336, 105, 0, 'Vitz'),
(1337, 105, 0, 'Voltz'),
(1338, 105, 0, 'Voxy'),
(1339, 105, 0, 'Will'),
(1340, 105, 0, 'Windom'),
(1341, 105, 0, 'Wish'),
(1342, 105, 0, 'Yaris'),
(1343, 105, 0, 'Yaris Verso'),
(1344, 106, 0, 'P 601'),
(1345, 107, 0, 'Griffith'),
(1346, 108, 0, 'W8 Twin Turbo'),
(1347, 109, 0, 'Bora'),
(1348, 109, 0, 'Caddy'),
(1349, 109, 0, 'Corrado'),
(1350, 109, 0, 'Eos'),
(1351, 109, 0, 'Fox'),
(1352, 109, 0, 'Golf'),
(1353, 109, 0, 'Golf Plus'),
(1354, 109, 0, 'Jetta'),
(1355, 109, 0, 'Kaefer'),
(1356, 109, 0, 'Lupo'),
(1357, 109, 0, 'Multivan'),
(1358, 109, 0, 'NEW Beetle'),
(1359, 109, 0, 'Passat'),
(1360, 109, 0, 'Phaeton'),
(1361, 109, 0, 'Pointer'),
(1362, 109, 0, 'Polo'),
(1363, 109, 0, 'Santana'),
(1364, 109, 0, 'Scirocco'),
(1365, 109, 0, 'Sharan'),
(1366, 109, 0, 'Taro'),
(1367, 109, 0, 'Tiguan'),
(1368, 109, 0, 'Touareg'),
(1369, 109, 0, 'Touran'),
(1370, 109, 0, 'Vento'),
(1371, 110, 0, '164'),
(1372, 110, 0, '240'),
(1373, 110, 0, '340-360'),
(1374, 110, 0, '440 K'),
(1375, 110, 0, '460 L'),
(1376, 110, 0, '480 E'),
(1377, 110, 0, '740'),
(1378, 110, 0, '760'),
(1379, 110, 0, '780 Bertone'),
(1380, 110, 0, '850'),
(1381, 110, 0, '940'),
(1382, 110, 0, '960'),
(1383, 110, 0, 'C30'),
(1384, 110, 0, 'C70'),
(1385, 110, 0, 'S40'),
(1386, 110, 0, 'S60'),
(1387, 110, 0, 'S70'),
(1388, 110, 0, 'S80'),
(1389, 110, 0, 'S90'),
(1390, 110, 0, 'V40 Kombi'),
(1391, 110, 0, 'V50'),
(1392, 110, 0, 'V70'),
(1393, 110, 0, 'XC70'),
(1394, 110, 0, 'XC90'),
(1395, 111, 0, '353'),
(1396, 112, 0, 'GT'),
(1397, 112, 0, 'Roadster'),
(1398, 113, 0, 'PICKUP X3'),
(1399, 113, 0, 'SR-V X3'),
(1400, 113, 0, 'SUV X3'),
(1401, 114, 0, 'GrandTiger'),
(1402, 114, 0, 'Landmark'),
(1403, 115, 0, '1111 Ока 1111'),
(1404, 115, 0, '1111 Ока 11113'),
(1405, 115, 0, '2101'),
(1406, 115, 0, '2102'),
(1407, 115, 0, '2103'),
(1408, 115, 0, '2104'),
(1409, 115, 0, '2105'),
(1410, 115, 0, '2106'),
(1411, 115, 0, '2107'),
(1412, 115, 0, '2108'),
(1413, 115, 0, '2109'),
(1414, 115, 0, '2110'),
(1415, 115, 0, '2111'),
(1416, 115, 0, '2112'),
(1417, 115, 0, '2113'),
(1418, 115, 0, '2114'),
(1419, 115, 0, '2115'),
(1420, 115, 0, '2123'),
(1421, 115, 0, '2129'),
(1422, 115, 0, '2131'),
(1423, 115, 0, '2329'),
(1424, 115, 0, '21043'),
(1425, 115, 0, '21047'),
(1426, 115, 0, '21053'),
(1427, 115, 0, '21054'),
(1428, 115, 0, '21055'),
(1429, 115, 0, '21061'),
(1430, 115, 0, '21063'),
(1431, 115, 0, '21065'),
(1432, 115, 0, '21071'),
(1433, 115, 0, '21072'),
(1434, 115, 0, '21073'),
(1435, 115, 0, '21074'),
(1436, 115, 0, '21079'),
(1437, 115, 0, '21081'),
(1438, 115, 0, '21083'),
(1439, 115, 0, '21086'),
(1440, 115, 0, '2108i'),
(1441, 115, 0, '21093'),
(1442, 115, 0, '21099'),
(1443, 115, 0, '21099i'),
(1444, 115, 0, '2109i'),
(1445, 115, 0, '21101'),
(1446, 115, 0, '21102'),
(1447, 115, 0, '21103'),
(1448, 115, 0, '21104'),
(1449, 115, 0, '21108'),
(1450, 115, 0, '21111'),
(1451, 115, 0, '21112'),
(1452, 115, 0, '21113'),
(1453, 115, 0, '21121'),
(1454, 115, 0, '21122'),
(1455, 115, 0, '21123'),
(1456, 115, 0, '21124'),
(1457, 115, 0, '2115 Wankel'),
(1458, 115, 0, '2115i'),
(1459, 115, 0, '2120 Надежда'),
(1460, 115, 0, '2121 4x4 2121'),
(1461, 115, 0, '2121 4x4 21213'),
(1462, 115, 0, '2121 4x4 21214'),
(1463, 115, 0, '2121 4x4 21217'),
(1464, 115, 0, '2121 4x4 21218'),
(1465, 115, 0, 'Kalina Hatchback'),
(1466, 115, 0, 'Kalina Sedan'),
(1467, 115, 0, 'Kalina Wagon'),
(1468, 115, 0, 'Priora'),
(1469, 116, 0, 'Автокам'),
(1470, 117, 0, '13'),
(1471, 117, 0, '14'),
(1472, 117, 0, '20'),
(1473, 117, 0, '21'),
(1474, 117, 0, '22'),
(1475, 117, 0, '24'),
(1476, 117, 0, '69'),
(1477, 117, 0, '3102'),
(1478, 117, 0, '3105'),
(1479, 117, 0, '3110'),
(1480, 117, 0, '3111'),
(1481, 117, 0, '31022'),
(1482, 117, 0, '31026'),
(1483, 117, 0, '31029'),
(1484, 117, 0, '3102i'),
(1485, 117, 0, '31105'),
(1486, 117, 0, '310221'),
(1487, 117, 0, '311055'),
(1488, 117, 0, '3110i'),
(1489, 117, 0, 'М1'),
(1490, 118, 0, '965'),
(1491, 118, 0, '968'),
(1492, 118, 0, '1102'),
(1493, 118, 0, '1103'),
(1494, 118, 0, '1105'),
(1495, 118, 0, '1140'),
(1496, 118, 0, 'Sens'),
(1497, 119, 0, '114'),
(1498, 119, 0, '117'),
(1499, 119, 0, '4104'),
(1500, 120, 0, '412'),
(1501, 120, 0, '2125'),
(1502, 120, 0, '2126'),
(1503, 120, 0, '2715'),
(1504, 120, 0, '2717'),
(1505, 120, 0, '21261'),
(1506, 120, 0, '27171'),
(1507, 121, 0, 'Ока'),
(1508, 122, 0, '967'),
(1509, 122, 0, '968'),
(1510, 122, 0, '969'),
(1511, 123, 0, '400'),
(1512, 123, 0, '401'),
(1513, 123, 0, '402'),
(1514, 123, 0, '403'),
(1515, 123, 0, '406'),
(1516, 123, 0, '407'),
(1517, 123, 0, '408'),
(1518, 123, 0, '412'),
(1519, 123, 0, '2125'),
(1520, 123, 0, '2140'),
(1521, 123, 0, '2141'),
(1522, 123, 0, '2335'),
(1523, 123, 0, '423 Kombi'),
(1524, 123, 0, '5846'),
(1525, 123, 0, 'Aslk 2137 Kombi'),
(1526, 123, 0, 'Aslk 2138'),
(1527, 123, 0, 'Aslk 2140'),
(1528, 123, 0, 'Князь Владимир'),
(1529, 123, 0, 'Святогор'),
(1530, 123, 0, 'Юрий Долгорукий'),
(1531, 124, 0, '1111'),
(1532, 125, 0, 'Мотоколяска'),
(1533, 126, 0, 'Tager'),
(1534, 127, 0, '469'),
(1535, 127, 0, '2206'),
(1536, 127, 0, '3151'),
(1537, 127, 0, '3153'),
(1538, 127, 0, '3159'),
(1539, 127, 0, '3160'),
(1540, 127, 0, '3162'),
(1541, 127, 0, '3163'),
(1542, 127, 0, '31512'),
(1543, 127, 0, '31514'),
(1544, 127, 0, '31519'),
(1545, 127, 0, '315195');

-- --------------------------------------------------------

--
-- Структура таблицы `tbl_profiles`
--

CREATE TABLE IF NOT EXISTS `tbl_profiles` (
  `user_id` int(11) NOT NULL,
  `lastname` varchar(50) NOT NULL DEFAULT '',
  `firstname` varchar(50) NOT NULL DEFAULT '',
  `birthday` date NOT NULL DEFAULT '0000-00-00',
  PRIMARY KEY (`user_id`)
) ENGINE=InnoDB DEFAULT CHARSET=utf8;

--
-- Дамп данных таблицы `tbl_profiles`
--

INSERT INTO `tbl_profiles` (`user_id`, `lastname`, `firstname`, `birthday`) VALUES
(1, 'Admin', 'Administrator', '0000-00-00'),
(2, 'Demo', 'Demo', '0000-00-00'),
(3, 'Каинов', 'Сергей', '2011-11-01');

-- --------------------------------------------------------

--
-- Структура таблицы `tbl_profiles_fields`
--

CREATE TABLE IF NOT EXISTS `tbl_profiles_fields` (
  `id` int(10) NOT NULL AUTO_INCREMENT,
  `varname` varchar(50) NOT NULL,
  `title` varchar(255) NOT NULL,
  `field_type` varchar(50) NOT NULL,
  `field_size` int(3) NOT NULL DEFAULT '0',
  `field_size_min` int(3) NOT NULL DEFAULT '0',
  `required` int(1) NOT NULL DEFAULT '0',
  `match` varchar(255) NOT NULL DEFAULT '',
  `range` varchar(255) NOT NULL DEFAULT '',
  `error_message` varchar(255) NOT NULL DEFAULT '',
  `other_validator` varchar(5000) NOT NULL DEFAULT '',
  `default` varchar(255) NOT NULL DEFAULT '',
  `widget` varchar(255) NOT NULL DEFAULT '',
  `widgetparams` varchar(5000) NOT NULL DEFAULT '',
  `position` int(3) NOT NULL DEFAULT '0',
  `visible` int(1) NOT NULL DEFAULT '0',
  PRIMARY KEY (`id`),
  KEY `varname` (`varname`,`widget`,`visible`)
) ENGINE=InnoDB  DEFAULT CHARSET=utf8 AUTO_INCREMENT=4 ;

--
-- Дамп данных таблицы `tbl_profiles_fields`
--

INSERT INTO `tbl_profiles_fields` (`id`, `varname`, `title`, `field_type`, `field_size`, `field_size_min`, `required`, `match`, `range`, `error_message`, `other_validator`, `default`, `widget`, `widgetparams`, `position`, `visible`) VALUES
(1, 'lastname', 'Last Name', 'VARCHAR', 50, 3, 1, '', '', 'Incorrect Last Name (length between 3 and 50 characters).', '', '', '', '', 1, 3),
(2, 'firstname', 'First Name', 'VARCHAR', 50, 3, 1, '', '', 'Incorrect First Name (length between 3 and 50 characters).', '', '', '', '', 0, 3),
(3, 'birthday', 'Birthday', 'DATE', 0, 0, 2, '', '', '', '', '0000-00-00', 'UWjuidate', '{"ui-theme":"redmond"}', 3, 2);

-- --------------------------------------------------------

--
-- Структура таблицы `tbl_users`
--

CREATE TABLE IF NOT EXISTS `tbl_users` (
  `id` int(11) NOT NULL AUTO_INCREMENT,
  `username` varchar(20) NOT NULL,
  `password` varchar(128) NOT NULL,
  `email` varchar(128) NOT NULL,
  `activkey` varchar(128) NOT NULL DEFAULT '',
  `createtime` int(10) NOT NULL DEFAULT '0',
  `lastvisit` int(10) NOT NULL DEFAULT '0',
  `superuser` int(1) NOT NULL DEFAULT '0',
  `status` int(1) NOT NULL DEFAULT '0',
  PRIMARY KEY (`id`),
  UNIQUE KEY `username` (`username`),
  UNIQUE KEY `email` (`email`),
  KEY `status` (`status`),
  KEY `superuser` (`superuser`)
) ENGINE=InnoDB  DEFAULT CHARSET=utf8 AUTO_INCREMENT=4 ;

--
-- Дамп данных таблицы `tbl_users`
--

INSERT INTO `tbl_users` (`id`, `username`, `password`, `email`, `activkey`, `createtime`, `lastvisit`, `superuser`, `status`) VALUES
(1, 'admin', '21232f297a57a5a743894a0e4a801fc3', 'webmaster@example.com', '9a24eff8c15a6a141ece27eb6947da0f', 1261146094, 1344967206, 1, 1),
(2, 'demo', 'fe01ce2a7fbac8fafaed7c982a04e229', 'demo@example.com', '099f825543f7850cc038b90aaff39fac', 1261146096, 0, 0, 1),
(3, 'kainov', 'f80bf05527157a8c2a7bb63b22f49aaa', 'kainovs@yandex.ru', '1b5d5985207b65b7ab0bca63a3f0488b', 1344539140, 1346270138, 0, 1);

--
-- Ограничения внешнего ключа сохраненных таблиц
--

--
-- Ограничения внешнего ключа таблицы `tbl_ads`
--
ALTER TABLE `tbl_ads`
  ADD CONSTRAINT `fk_avto_ads_avto_models1` FOREIGN KEY (`ad_models_id`) REFERENCES `tbl_models` (`id`) ON DELETE NO ACTION ON UPDATE NO ACTION;

--
-- Ограничения внешнего ключа таблицы `tbl_avto`
--
ALTER TABLE `tbl_avto`
  ADD CONSTRAINT `fk_tbl_avto_tbl_ads1` FOREIGN KEY (`avto_ad_id`) REFERENCES `tbl_ads` (`ad_id`) ON DELETE NO ACTION ON UPDATE NO ACTION;

--
-- Ограничения внешнего ключа таблицы `tbl_foto`
--
ALTER TABLE `tbl_foto`
  ADD CONSTRAINT `fk_avto_foto_avto_ads1` FOREIGN KEY (`foto_ad_id`) REFERENCES `tbl_ads` (`ad_id`) ON DELETE NO ACTION ON UPDATE NO ACTION;

--
-- Ограничения внешнего ключа таблицы `tbl_models`
--
ALTER TABLE `tbl_models`
  ADD CONSTRAINT `fk_avto_models_avto_brand1` FOREIGN KEY (`model_brand_id`) REFERENCES `tbl_brand` (`id`) ON DELETE NO ACTION ON UPDATE NO ACTION,
  ADD CONSTRAINT `fk_avto_models_avto_categories1` FOREIGN KEY (`model_cat_id`) REFERENCES `tbl_categories` (`cat_id`) ON DELETE NO ACTION ON UPDATE NO ACTION;

/*!40101 SET CHARACTER_SET_CLIENT=@OLD_CHARACTER_SET_CLIENT */;
/*!40101 SET CHARACTER_SET_RESULTS=@OLD_CHARACTER_SET_RESULTS */;
/*!40101 SET COLLATION_CONNECTION=@OLD_COLLATION_CONNECTION */;
